<?xml version="1.0" encoding="utf-8"?>
<ArrayOfCustomer xmlns:xsi="http://www.w3.org/2001/XMLSchema-instance" xmlns:xsd="http://www.w3.org/2001/XMLSchema">
  <Customer>
    <Id>886</Id>
    <Name>אברהם שכטר</Name>
    <Address>מסילת יוסף 21</Address>
    <PhoneNumber>053566666</PhoneNumber>
  </Customer>
  <Customer>
    <Id>320</Id>
    <Name>יונה לנג</Name>
    <Address>נתיבות שלום 7</Address>
    <PhoneNumber>052566666</PhoneNumber>
  </Customer>
  <Customer>
    <Id>123</Id>
    <Name>אב</Name>
    <Address>123</Address>
    <PhoneNumber>123</PhoneNumber>
  </Customer>
  <Customer>
    <Id>111</Id>
    <Name>ג</Name>
    <Address />
    <PhoneNumber />
  </Customer>
  <Customer>
    <Id>333</Id>
    <Name>ג</Name>
    <Address>מודיעין עילית</Address>
    <PhoneNumber />
  </Customer>
</ArrayOfCustomer>