<?xml version="1.0" encoding="utf-8"?>
<ArrayOfProduct xmlns:xsi="http://www.w3.org/2001/XMLSchema-instance" xmlns:xsd="http://www.w3.org/2001/XMLSchema">
  <Product>
    <ProductId>113</ProductId>
    <ProductName>אוברול</ProductName>
    <category>תינוקות</category>
    <Price>80</Price>
    <QuantityInStock>70</QuantityInStock>
  </Product>
  <Product>
    <ProductId>104</ProductId>
    <ProductName>חליפה 2 חלקים</ProductName>
    <category>בנים</category>
    <Price>250</Price>
    <QuantityInStock>25</QuantityInStock>
  </Product>
  <Product>
    <ProductId>103</ProductId>
    <ProductName>חצאית קפלים</ProductName>
    <category xsi:nil="true" />
    <Price>100</Price>
    <QuantityInStock>40</QuantityInStock>
  </Product>
  <Product>
    <ProductId>117</ProductId>
    <ProductName>שרשרת</ProductName>
    <category xsi:nil="true" />
    <Price>20</Price>
    <QuantityInStock>4</QuantityInStock>
  </Product>
  <Product>
    <ProductId>111</ProductId>
    <ProductName>סרט לשיער</ProductName>
    <category>אקססוריז</category>
    <Price>14.9</Price>
    <QuantityInStock>28</QuantityInStock>
  </Product>
  <Product>
    <ProductId>112</ProductId>
    <ProductName>מכנס דגמח</ProductName>
    <category>בנים</category>
    <Price>100</Price>
    <QuantityInStock>8</QuantityInStock>
  </Product>
  <Product>
    <ProductId>118</ProductId>
    <ProductName>צמיד</ProductName>
    <category>אקססוריז</category>
    <Price>10</Price>
    <QuantityInStock>20</QuantityInStock>
  </Product>
</ArrayOfProduct>