﻿<?xml version="1.0" encoding="utf-8"?>
<ArrayOfSale>
  <sale>
    <SaleId>1010</SaleId>
    <ProductId>100</ProductId>
    <MinAmount>1</MinAmount>
    <SalePrice>12</SalePrice>
    <ClubSale>true</ClubSale>
    <StartSale>2025-05-20T10:01:50.0202056+03:00</StartSale>
    <FinishSale>2024-12-06T00:00:00</FinishSale>
  </sale>
  <sale>
    <SaleId>1011</SaleId>
    <ProductId>101</ProductId>
    <MinAmount>1</MinAmount>
    <SalePrice>90</SalePrice>
    <ClubSale>false</ClubSale>
    <StartSale>2025-05-20T10:01:50.042342+03:00</StartSale>
    <FinishSale>2024-12-05T00:00:00</FinishSale>
  </sale>
  <sale>
    <SaleId>1012</SaleId>
    <ProductId>102</ProductId>
    <MinAmount>3</MinAmount>
    <SalePrice>70</SalePrice>
    <ClubSale>true</ClubSale>
    <StartSale>2025-05-20T10:01:50.0529718+03:00</StartSale>
    <FinishSale>2024-12-05T00:00:00</FinishSale>
  </sale>
  <sale>
    <SaleId>1013</SaleId>
    <ProductId>103</ProductId>
    <MinAmount>2</MinAmount>
    <SalePrice>100</SalePrice>
    <ClubSale>false</ClubSale>
    <StartSale>2025-05-20T10:01:50.063686+03:00</StartSale>
    <FinishSale>2024-12-05T00:00:00</FinishSale>
  </sale>
  <sale>
    <SaleId>1016</SaleId>
    <ProductId>111</ProductId>
    <MinAmount>1</MinAmount>
    <SalePrice>99</SalePrice>
    <ClubSale>true</ClubSale>
    <StartSale>2025-05-23T15:10:58.5863607+03:00</StartSale>
    <FinishSale>2025-05-23T15:10:58.5826134+03:00</FinishSale>
  </sale>
  <sale>
    <SaleId>1017</SaleId>
    <ProductId>113</ProductId>
    <MinAmount>2</MinAmount>
    <SalePrice>70</SalePrice>
    <ClubSale>true</ClubSale>
    <StartSale>2025-05-27T12:12:47.0434256+03:00</StartSale>
    <FinishSale>2025-05-27T12:12:47.041108+03:00</FinishSale>
  </sale>
  <sale>
    <SaleId>1018</SaleId>
    <ProductId>113</ProductId>
    <MinAmount>2</MinAmount>
    <SalePrice>70</SalePrice>
    <ClubSale>false</ClubSale>
    <StartSale>2025-05-27T12:25:56.8380708+03:00</StartSale>
    <FinishSale>2025-05-28T12:25:56.833</FinishSale>
  </sale>
</ArrayOfSale>